,uid,run_id,total_spots,total_bases,total_size,experiment,platform,model,tax_id,sample,library_strategy,library_selection,library_source,bio_project,bio_sample,sra_study,sra_id
0,3383460,SRR4786029,86570100,17155225386,5789404566,SRX2316260,ILLUMINA,Illumina HiSeq 2000,9606,SRS1773182,RNA-Seq,cDNA,TRANSCRIPTOMIC,PRJNA352076,SAMN05964044,SRP092408,SRA488109
1,3383459,SRR4786028,87742173,17375508745,5917021494,SRX2316259,ILLUMINA,Illumina HiSeq 2000,9606,SRS1773181,RNA-Seq,cDNA,TRANSCRIPTOMIC,PRJNA352076,SAMN05964045,SRP092408,SRA488109
2,3383458,SRR4786027,87983978,17394977835,6093408218,SRX2316258,ILLUMINA,Illumina HiSeq 2000,9606,SRS1773180,RNA-Seq,cDNA,TRANSCRIPTOMIC,PRJNA352076,SAMN05964046,SRP092408,SRA488109
3,3383457,SRR4786026,83500749,16523682389,5685496210,SRX2316257,ILLUMINA,Illumina HiSeq 2000,9606,SRS1773177,RNA-Seq,cDNA,TRANSCRIPTOMIC,PRJNA352076,SAMN05964047,SRP092408,SRA488109
4,3383456,SRR4786025,85914129,17005707555,6024753981,SRX2316256,ILLUMINA,Illumina HiSeq 2000,9606,SRS1773179,RNA-Seq,cDNA,TRANSCRIPTOMIC,PRJNA352076,SAMN05964048,SRP092408,SRA488109
5,3383455,SRR4786024,81106422,16031179046,5664992243,SRX2316255,ILLUMINA,Illumina HiSeq 2000,9606,SRS1773178,RNA-Seq,cDNA,TRANSCRIPTOMIC,PRJNA352076,SAMN05964049,SRP092408,SRA488109
6,3383454,SRR4786023,78354669,15507387211,5501738668,SRX2316254,ILLUMINA,Illumina HiSeq 2000,9606,SRS1773176,RNA-Seq,cDNA,TRANSCRIPTOMIC,PRJNA352076,SAMN05964050,SRP092408,SRA488109
7,3383453,SRR4786022,83175611,16526347998,5693193060,SRX2316253,ILLUMINA,Illumina HiSeq 2000,9606,SRS1773175,RNA-Seq,cDNA,TRANSCRIPTOMIC,PRJNA352076,SAMN05964051,SRP092408,SRA488109
8,3383452,SRR4786021,79838880,15799017075,5678839042,SRX2316252,ILLUMINA,Illumina HiSeq 2000,9606,SRS1773174,RNA-Seq,cDNA,TRANSCRIPTOMIC,PRJNA352076,SAMN05964052,SRP092408,SRA488109
9,3383451,SRR4786020,88698482,17482554526,6252715842,SRX2316251,ILLUMINA,Illumina HiSeq 2000,9606,SRS1773173,RNA-Seq,cDNA,TRANSCRIPTOMIC,PRJNA352076,SAMN05964053,SRP092408,SRA488109
10,3383450,SRR4786019,92752794,18317588113,7339448380,SRX2316250,ILLUMINA,Illumina HiSeq 2000,9606,SRS1773172,RNA-Seq,cDNA,TRANSCRIPTOMIC,PRJNA352076,SAMN05964054,SRP092408,SRA488109
11,3383449,SRR4786018,85014629,16776416427,6038545181,SRX2316249,ILLUMINA,Illumina HiSeq 2000,9606,SRS1773171,RNA-Seq,cDNA,TRANSCRIPTOMIC,PRJNA352076,SAMN05964055,SRP092408,SRA488109
12,3383448,SRR4786017,92256953,18246457868,7311479803,SRX2316248,ILLUMINA,Illumina HiSeq 2000,9606,SRS1773169,RNA-Seq,cDNA,TRANSCRIPTOMIC,PRJNA352076,SAMN05964056,SRP092408,SRA488109
13,3383447,SRR4786016,83155676,16443753110,5760439844,SRX2316247,ILLUMINA,Illumina HiSeq 2000,9606,SRS1773168,RNA-Seq,cDNA,TRANSCRIPTOMIC,PRJNA352076,SAMN05964057,SRP092408,SRA488109
14,3383446,SRR4786015,81078041,15993564676,6055338922,SRX2316246,ILLUMINA,Illumina HiSeq 2000,9606,SRS1773170,RNA-Seq,cDNA,TRANSCRIPTOMIC,PRJNA352076,SAMN05964058,SRP092408,SRA488109
15,3383445,SRR4786014,83435376,16506635794,5608992366,SRX2316245,ILLUMINA,Illumina HiSeq 2000,9606,SRS1773167,RNA-Seq,cDNA,TRANSCRIPTOMIC,PRJNA352076,SAMN05964059,SRP092408,SRA488109
16,3383444,SRR4786013,85784450,16953789586,5884077560,SRX2316244,ILLUMINA,Illumina HiSeq 2000,9606,SRS1773166,RNA-Seq,cDNA,TRANSCRIPTOMIC,PRJNA352076,SAMN05964060,SRP092408,SRA488109
17,3383443,SRR4786012,87429353,17284207795,5924020188,SRX2316243,ILLUMINA,Illumina HiSeq 2000,9606,SRS1773165,RNA-Seq,cDNA,TRANSCRIPTOMIC,PRJNA352076,SAMN05964061,SRP092408,SRA488109
18,3383442,SRR4786011,91436784,18051328795,6233785708,SRX2316242,ILLUMINA,Illumina HiSeq 2000,9606,SRS1773164,RNA-Seq,cDNA,TRANSCRIPTOMIC,PRJNA352076,SAMN05964062,SRP092408,SRA488109
19,3383441,SRR4786010,88924002,17624257457,5887634491,SRX2316241,ILLUMINA,Illumina HiSeq 2000,9606,SRS1773163,RNA-Seq,cDNA,TRANSCRIPTOMIC,PRJNA352076,SAMN05964063,SRP092408,SRA488109
20,3383440,SRR4786009,87637892,17316647850,5965617479,SRX2316240,ILLUMINA,Illumina HiSeq 2000,9606,SRS1773162,RNA-Seq,cDNA,TRANSCRIPTOMIC,PRJNA352076,SAMN05964064,SRP092408,SRA488109
21,3383439,SRR4786008,86234263,17025815626,6008897269,SRX2316239,ILLUMINA,Illumina HiSeq 2000,9606,SRS1773161,RNA-Seq,cDNA,TRANSCRIPTOMIC,PRJNA352076,SAMN05964065,SRP092408,SRA488109
22,3383438,SRR4786007,92115410,18224006136,7432944066,SRX2316238,ILLUMINA,Illumina HiSeq 2000,9606,SRS1773160,RNA-Seq,cDNA,TRANSCRIPTOMIC,PRJNA352076,SAMN05964066,SRP092408,SRA488109
23,3383437,SRR4786006,87470959,17263611325,6057581617,SRX2316237,ILLUMINA,Illumina HiSeq 2000,9606,SRS1773159,RNA-Seq,cDNA,TRANSCRIPTOMIC,PRJNA352076,SAMN05964067,SRP092408,SRA488109
24,3383436,SRR4786005,80900681,15922872565,6106740032,SRX2316236,ILLUMINA,Illumina HiSeq 2000,9606,SRS1773158,RNA-Seq,cDNA,TRANSCRIPTOMIC,PRJNA352076,SAMN05964068,SRP092408,SRA488109
25,3383435,SRR4786004,89174760,17609241387,6017705945,SRX2316235,ILLUMINA,Illumina HiSeq 2000,9606,SRS1773157,RNA-Seq,cDNA,TRANSCRIPTOMIC,PRJNA352076,SAMN05964069,SRP092408,SRA488109
26,3383434,SRR4786003,88785622,17593121881,6075263942,SRX2316234,ILLUMINA,Illumina HiSeq 2000,9606,SRS1773156,RNA-Seq,cDNA,TRANSCRIPTOMIC,PRJNA352076,SAMN05964070,SRP092408,SRA488109
27,3383433,SRR4786002,86476968,17092279986,6079387559,SRX2316233,ILLUMINA,Illumina HiSeq 2000,9606,SRS1773154,RNA-Seq,cDNA,TRANSCRIPTOMIC,PRJNA352076,SAMN05964076,SRP092408,SRA488109
28,3383432,SRR4786001,85759866,16943952152,6059073245,SRX2316232,ILLUMINA,Illumina HiSeq 2000,9606,SRS1773155,RNA-Seq,cDNA,TRANSCRIPTOMIC,PRJNA352076,SAMN05964077,SRP092408,SRA488109
29,3383431,SRR4786000,79901819,15779575170,5665520699,SRX2316231,ILLUMINA,Illumina HiSeq 2000,9606,SRS1773152,RNA-Seq,cDNA,TRANSCRIPTOMIC,PRJNA352076,SAMN05964071,SRP092408,SRA488109
30,3383430,SRR4785999,85116235,16861542471,5680050083,SRX2316230,ILLUMINA,Illumina HiSeq 2000,9606,SRS1773153,RNA-Seq,cDNA,TRANSCRIPTOMIC,PRJNA352076,SAMN05964072,SRP092408,SRA488109
31,3383429,SRR4785998,85411365,16892102979,5963998283,SRX2316229,ILLUMINA,Illumina HiSeq 2000,9606,SRS1773151,RNA-Seq,cDNA,TRANSCRIPTOMIC,PRJNA352076,SAMN05964073,SRP092408,SRA488109
32,3383428,SRR4785997,86892425,17216775139,5994866580,SRX2316228,ILLUMINA,Illumina HiSeq 2000,9606,SRS1773150,RNA-Seq,cDNA,TRANSCRIPTOMIC,PRJNA352076,SAMN05964074,SRP092408,SRA488109
33,3383427,SRR4785996,83926044,16547011323,6078340255,SRX2316227,ILLUMINA,Illumina HiSeq 2000,9606,SRS1773149,RNA-Seq,cDNA,TRANSCRIPTOMIC,PRJNA352076,SAMN05964075,SRP092408,SRA488109
34,3383426,SRR4785995,84241010,16620731342,6111166283,SRX2316226,ILLUMINA,Illumina HiSeq 2000,9606,SRS1773148,RNA-Seq,cDNA,TRANSCRIPTOMIC,PRJNA352076,SAMN05964078,SRP092408,SRA488109
35,3383425,SRR4785994,76411754,15084190743,5667174972,SRX2316225,ILLUMINA,Illumina HiSeq 2000,9606,SRS1773146,RNA-Seq,cDNA,TRANSCRIPTOMIC,PRJNA352076,SAMN05964079,SRP092408,SRA488109
36,3383424,SRR4785993,81448886,16090782157,5766938972,SRX2316224,ILLUMINA,Illumina HiSeq 2000,9606,SRS1773147,RNA-Seq,cDNA,TRANSCRIPTOMIC,PRJNA352076,SAMN05964080,SRP092408,SRA488109
37,3383423,SRR4785992,83432357,16485815961,5799746756,SRX2316223,ILLUMINA,Illumina HiSeq 2000,9606,SRS1773144,RNA-Seq,cDNA,TRANSCRIPTOMIC,PRJNA352076,SAMN05964081,SRP092408,SRA488109
38,3383422,SRR4785991,83600918,16534275815,5730661577,SRX2316222,ILLUMINA,Illumina HiSeq 2000,9606,SRS1773145,RNA-Seq,cDNA,TRANSCRIPTOMIC,PRJNA352076,SAMN05964082,SRP092408,SRA488109
39,3383421,SRR4785990,81875459,16131983053,5934082099,SRX2316221,ILLUMINA,Illumina HiSeq 2000,9606,SRS1773142,RNA-Seq,cDNA,TRANSCRIPTOMIC,PRJNA352076,SAMN05964083,SRP092408,SRA488109
40,3383420,SRR4785989,79146893,15642698016,5615983321,SRX2316220,ILLUMINA,Illumina HiSeq 2000,9606,SRS1773141,RNA-Seq,cDNA,TRANSCRIPTOMIC,PRJNA352076,SAMN05963983,SRP092408,SRA488109
41,3383419,SRR4785988,77337812,15297130031,5353082070,SRX2316219,ILLUMINA,Illumina HiSeq 2000,9606,SRS1773143,RNA-Seq,cDNA,TRANSCRIPTOMIC,PRJNA352076,SAMN05963984,SRP092408,SRA488109
42,3383418,SRR4785987,79690463,15752308290,5617773377,SRX2316218,ILLUMINA,Illumina HiSeq 2000,9606,SRS1773139,RNA-Seq,cDNA,TRANSCRIPTOMIC,PRJNA352076,SAMN05963985,SRP092408,SRA488109
43,3383417,SRR4785986,81822276,16161520586,5843547802,SRX2316217,ILLUMINA,Illumina HiSeq 2000,9606,SRS1773140,RNA-Seq,cDNA,TRANSCRIPTOMIC,PRJNA352076,SAMN05963986,SRP092408,SRA488109
44,3383416,SRR4785985,81778080,16323665652,5257831974,SRX2316216,ILLUMINA,Illumina HiSeq 2000,9606,SRS1773138,RNA-Seq,cDNA,TRANSCRIPTOMIC,PRJNA352076,SAMN05963987,SRP092408,SRA488109
45,3383415,SRR4785984,83086747,16598650919,5006590235,SRX2316215,ILLUMINA,Illumina HiSeq 2000,9606,SRS1773137,RNA-Seq,cDNA,TRANSCRIPTOMIC,PRJNA352076,SAMN05963988,SRP092408,SRA488109
46,3383414,SRR4785983,85128971,17017983031,5029813330,SRX2316214,ILLUMINA,Illumina HiSeq 2000,9606,SRS1773136,RNA-Seq,cDNA,TRANSCRIPTOMIC,PRJNA352076,SAMN05963989,SRP092408,SRA488109
47,3383413,SRR4785982,82103925,16403877902,4806782666,SRX2316213,ILLUMINA,Illumina HiSeq 2000,9606,SRS1773134,RNA-Seq,cDNA,TRANSCRIPTOMIC,PRJNA352076,SAMN05963990,SRP092408,SRA488109
48,3383412,SRR4785981,77194061,15400386603,4687076993,SRX2316212,ILLUMINA,Illumina HiSeq 2000,9606,SRS1773135,RNA-Seq,cDNA,TRANSCRIPTOMIC,PRJNA352076,SAMN05963991,SRP092408,SRA488109
49,3383411,SRR4785980,88418033,17672782449,5186694555,SRX2316211,ILLUMINA,Illumina HiSeq 2000,9606,SRS1773133,RNA-Seq,cDNA,TRANSCRIPTOMIC,PRJNA352076,SAMN05963992,SRP092408,SRA488109
50,3383410,SRR4785979,77137493,15375563763,5274797693,SRX2316210,ILLUMINA,Illumina HiSeq 2000,9606,SRS1773132,RNA-Seq,cDNA,TRANSCRIPTOMIC,PRJNA352076,SAMN05963993,SRP092408,SRA488109
51,3383409,SRR4785978,83521963,16708439654,4922970585,SRX2316209,ILLUMINA,Illumina HiSeq 2000,9606,SRS1773131,RNA-Seq,cDNA,TRANSCRIPTOMIC,PRJNA352076,SAMN05963994,SRP092408,SRA488109
52,3383408,SRR4785977,99163033,19808657081,5684974126,SRX2316208,ILLUMINA,Illumina HiSeq 2000,9606,SRS1773130,RNA-Seq,cDNA,TRANSCRIPTOMIC,PRJNA352076,SAMN05963995,SRP092408,SRA488109
53,3383407,SRR4785976,92620023,18469332492,5369105130,SRX2316207,ILLUMINA,Illumina HiSeq 2000,9606,SRS1773128,RNA-Seq,cDNA,TRANSCRIPTOMIC,PRJNA352076,SAMN05963996,SRP092408,SRA488109
54,3383406,SRR4785975,85759856,17107861100,5581652500,SRX2316206,ILLUMINA,Illumina HiSeq 2000,9606,SRS1773129,RNA-Seq,cDNA,TRANSCRIPTOMIC,PRJNA352076,SAMN05963997,SRP092408,SRA488109
55,3383405,SRR4785974,100205561,19995593603,6640105298,SRX2316205,ILLUMINA,Illumina HiSeq 2000,9606,SRS1773126,RNA-Seq,cDNA,TRANSCRIPTOMIC,PRJNA352076,SAMN05963998,SRP092408,SRA488109
56,3383404,SRR4785973,82085119,16377023856,5271625842,SRX2316204,ILLUMINA,Illumina HiSeq 2000,9606,SRS1773127,RNA-Seq,cDNA,TRANSCRIPTOMIC,PRJNA352076,SAMN05963999,SRP092408,SRA488109
57,3383403,SRR4785972,88279535,17608562094,5139303667,SRX2316203,ILLUMINA,Illumina HiSeq 2000,9606,SRS1773125,RNA-Seq,cDNA,TRANSCRIPTOMIC,PRJNA352076,SAMN05964000,SRP092408,SRA488109
58,3383402,SRR4785971,77260239,15399394281,4610436228,SRX2316202,ILLUMINA,Illumina HiSeq 2000,9606,SRS1773124,RNA-Seq,cDNA,TRANSCRIPTOMIC,PRJNA352076,SAMN05964001,SRP092408,SRA488109
59,3383401,SRR4785970,91003285,18142205652,6015350154,SRX2316201,ILLUMINA,Illumina HiSeq 2000,9606,SRS1773123,RNA-Seq,cDNA,TRANSCRIPTOMIC,PRJNA352076,SAMN05964002,SRP092408,SRA488109
60,3383400,SRR4785969,82150336,16403166012,4693172930,SRX2316200,ILLUMINA,Illumina HiSeq 2000,9606,SRS1773122,RNA-Seq,cDNA,TRANSCRIPTOMIC,PRJNA352076,SAMN05964003,SRP092408,SRA488109
61,3383399,SRR4785968,94366051,18669949416,5763211576,SRX2316199,ILLUMINA,Illumina HiSeq 2000,9606,SRS1773121,RNA-Seq,cDNA,TRANSCRIPTOMIC,PRJNA352076,SAMN05964004,SRP092408,SRA488109
62,3383398,SRR4785967,92069629,18399029355,5648037883,SRX2316198,ILLUMINA,Illumina HiSeq 2000,9606,SRS1773120,RNA-Seq,cDNA,TRANSCRIPTOMIC,PRJNA352076,SAMN05964005,SRP092408,SRA488109
63,3383397,SRR4785966,94911860,18917242207,5542394348,SRX2316197,ILLUMINA,Illumina HiSeq 2000,9606,SRS1773119,RNA-Seq,cDNA,TRANSCRIPTOMIC,PRJNA352076,SAMN05964006,SRP092408,SRA488109
64,3383396,SRR4785965,91870004,18336040739,6320706181,SRX2316196,ILLUMINA,Illumina HiSeq 2000,9606,SRS1773118,RNA-Seq,cDNA,TRANSCRIPTOMIC,PRJNA352076,SAMN05964007,SRP092408,SRA488109
65,3383395,SRR4785964,89490295,17799314492,5607808477,SRX2316195,ILLUMINA,Illumina HiSeq 2000,9606,SRS1773117,RNA-Seq,cDNA,TRANSCRIPTOMIC,PRJNA352076,SAMN05964008,SRP092408,SRA488109
66,3383394,SRR4785963,90621206,18113520145,5230642477,SRX2316194,ILLUMINA,Illumina HiSeq 2000,9606,SRS1773116,RNA-Seq,cDNA,TRANSCRIPTOMIC,PRJNA352076,SAMN05964009,SRP092408,SRA488109
67,3383393,SRR4785962,84790906,16974868994,4988848631,SRX2316193,ILLUMINA,Illumina HiSeq 2000,9606,SRS1773114,RNA-Seq,cDNA,TRANSCRIPTOMIC,PRJNA352076,SAMN05964010,SRP092408,SRA488109
68,3383392,SRR4785961,77074753,15338693219,4983925938,SRX2316192,ILLUMINA,Illumina HiSeq 2000,9606,SRS1773115,RNA-Seq,cDNA,TRANSCRIPTOMIC,PRJNA352076,SAMN05964011,SRP092408,SRA488109
69,3383391,SRR4785960,87483782,17405619513,5394962293,SRX2316191,ILLUMINA,Illumina HiSeq 2000,9606,SRS1773112,RNA-Seq,cDNA,TRANSCRIPTOMIC,PRJNA352076,SAMN05964012,SRP092408,SRA488109
70,3383390,SRR4785959,91015013,18230092322,5120116012,SRX2316190,ILLUMINA,Illumina HiSeq 2000,9606,SRS1773111,RNA-Seq,cDNA,TRANSCRIPTOMIC,PRJNA352076,SAMN05964013,SRP092408,SRA488109
71,3383389,SRR4785958,83404282,16462420330,6140520766,SRX2316189,ILLUMINA,Illumina HiSeq 2000,9606,SRS1773113,RNA-Seq,cDNA,TRANSCRIPTOMIC,PRJNA352076,SAMN05964014,SRP092408,SRA488109
72,3383388,SRR4785957,92059278,18305350631,6087434997,SRX2316188,ILLUMINA,Illumina HiSeq 2000,9606,SRS1773109,RNA-Seq,cDNA,TRANSCRIPTOMIC,PRJNA352076,SAMN05964015,SRP092408,SRA488109
73,3383387,SRR4785956,91291372,18185790205,6448955220,SRX2316187,ILLUMINA,Illumina HiSeq 2000,9606,SRS1773110,RNA-Seq,cDNA,TRANSCRIPTOMIC,PRJNA352076,SAMN05964016,SRP092408,SRA488109
74,3383386,SRR4785955,88213386,17648980754,5883618537,SRX2316186,ILLUMINA,Illumina HiSeq 2000,9606,SRS1773106,RNA-Seq,cDNA,TRANSCRIPTOMIC,PRJNA352076,SAMN05964017,SRP092408,SRA488109
75,3383385,SRR4785954,77770095,15501274302,4575462723,SRX2316185,ILLUMINA,Illumina HiSeq 2000,9606,SRS1773105,RNA-Seq,cDNA,TRANSCRIPTOMIC,PRJNA352076,SAMN05964018,SRP092408,SRA488109
76,3383384,SRR4785953,87951868,17499092969,5550346461,SRX2316184,ILLUMINA,Illumina HiSeq 2000,9606,SRS1773108,RNA-Seq,cDNA,TRANSCRIPTOMIC,PRJNA352076,SAMN05964019,SRP092408,SRA488109
77,3383383,SRR4785952,98509284,19725667125,5754968666,SRX2316183,ILLUMINA,Illumina HiSeq 2000,9606,SRS1773107,RNA-Seq,cDNA,TRANSCRIPTOMIC,PRJNA352076,SAMN05964020,SRP092408,SRA488109
78,3383382,SRR4785951,86500348,17273746260,5291651470,SRX2316182,ILLUMINA,Illumina HiSeq 2000,9606,SRS1773103,RNA-Seq,cDNA,TRANSCRIPTOMIC,PRJNA352076,SAMN05964021,SRP092408,SRA488109
79,3383381,SRR4785950,95555401,19029661596,5746788573,SRX2316181,ILLUMINA,Illumina HiSeq 2000,9606,SRS1773102,RNA-Seq,cDNA,TRANSCRIPTOMIC,PRJNA352076,SAMN05964022,SRP092408,SRA488109
80,3383380,SRR4785949,89976949,17941840951,6104308911,SRX2316180,ILLUMINA,Illumina HiSeq 2000,9606,SRS1773104,RNA-Seq,cDNA,TRANSCRIPTOMIC,PRJNA352076,SAMN05964023,SRP092408,SRA488109
81,3383379,SRR4785948,80287340,16018004928,4823341592,SRX2316179,ILLUMINA,Illumina HiSeq 2000,9606,SRS1773101,RNA-Seq,cDNA,TRANSCRIPTOMIC,PRJNA352076,SAMN05964024,SRP092408,SRA488109
82,3383378,SRR4785947,87344704,17399154609,5399666450,SRX2316178,ILLUMINA,Illumina HiSeq 2000,9606,SRS1773100,RNA-Seq,cDNA,TRANSCRIPTOMIC,PRJNA352076,SAMN05964025,SRP092408,SRA488109
83,3383377,SRR4785946,82645247,16492027665,5744577574,SRX2316177,ILLUMINA,Illumina HiSeq 2000,9606,SRS1773098,RNA-Seq,cDNA,TRANSCRIPTOMIC,PRJNA352076,SAMN05963949,SRP092408,SRA488109
84,3383376,SRR4785945,94072820,18803764597,5930581582,SRX2316176,ILLUMINA,Illumina HiSeq 2000,9606,SRS1773099,RNA-Seq,cDNA,TRANSCRIPTOMIC,PRJNA352076,SAMN05963950,SRP092408,SRA488109
85,3383375,SRR4785944,93298522,18668054246,6278722652,SRX2316175,ILLUMINA,Illumina HiSeq 2000,9606,SRS1773097,RNA-Seq,cDNA,TRANSCRIPTOMIC,PRJNA352076,SAMN05963951,SRP092408,SRA488109
86,3383374,SRR4785943,87144218,17409870550,4958731817,SRX2316174,ILLUMINA,Illumina HiSeq 2000,9606,SRS1773095,RNA-Seq,cDNA,TRANSCRIPTOMIC,PRJNA352076,SAMN05963952,SRP092408,SRA488109
87,3383373,SRR4785942,85619440,17156457930,5048540273,SRX2316173,ILLUMINA,Illumina HiSeq 2000,9606,SRS1773096,RNA-Seq,cDNA,TRANSCRIPTOMIC,PRJNA352076,SAMN05963953,SRP092408,SRA488109
88,3383372,SRR4785941,87697749,17531413361,5276219528,SRX2316172,ILLUMINA,Illumina HiSeq 2000,9606,SRS1773094,RNA-Seq,cDNA,TRANSCRIPTOMIC,PRJNA352076,SAMN05963954,SRP092408,SRA488109
89,3383371,SRR4785940,90488664,18047226277,5428626159,SRX2316171,ILLUMINA,Illumina HiSeq 2000,9606,SRS1773093,RNA-Seq,cDNA,TRANSCRIPTOMIC,PRJNA352076,SAMN05964026,SRP092408,SRA488109
90,3383370,SRR4785939,85842430,17124154347,5346011279,SRX2316170,ILLUMINA,Illumina HiSeq 2000,9606,SRS1773091,RNA-Seq,cDNA,TRANSCRIPTOMIC,PRJNA352076,SAMN05963948,SRP092408,SRA488109
91,3383369,SRR4785938,84030679,16833501476,5835594572,SRX2316169,ILLUMINA,Illumina HiSeq 2000,9606,SRS1773092,RNA-Seq,cDNA,TRANSCRIPTOMIC,PRJNA352076,SAMN05963955,SRP092408,SRA488109
92,3383368,SRR4785937,83283704,16580027373,5794225106,SRX2316168,ILLUMINA,Illumina HiSeq 2000,9606,SRS1773090,RNA-Seq,cDNA,TRANSCRIPTOMIC,PRJNA352076,SAMN05963956,SRP092408,SRA488109
93,3383367,SRR4785936,84671389,16904217703,5122626256,SRX2316167,ILLUMINA,Illumina HiSeq 2000,9606,SRS1773089,RNA-Seq,cDNA,TRANSCRIPTOMIC,PRJNA352076,SAMN05963957,SRP092408,SRA488109
94,3383366,SRR4785935,83373216,16674722870,5133111697,SRX2316166,ILLUMINA,Illumina HiSeq 2000,9606,SRS1773088,RNA-Seq,cDNA,TRANSCRIPTOMIC,PRJNA352076,SAMN05963958,SRP092408,SRA488109
95,3383365,SRR4785934,87251998,17446788190,4951868467,SRX2316165,ILLUMINA,Illumina HiSeq 2000,9606,SRS1773087,RNA-Seq,cDNA,TRANSCRIPTOMIC,PRJNA352076,SAMN05963959,SRP092408,SRA488109
96,3383364,SRR4785933,84241487,16854233893,4939097693,SRX2316164,ILLUMINA,Illumina HiSeq 2000,9606,SRS1773086,RNA-Seq,cDNA,TRANSCRIPTOMIC,PRJNA352076,SAMN05963960,SRP092408,SRA488109
97,3383363,SRR4785932,84129904,16826714643,5100450578,SRX2316163,ILLUMINA,Illumina HiSeq 2000,9606,SRS1773085,RNA-Seq,cDNA,TRANSCRIPTOMIC,PRJNA352076,SAMN05963961,SRP092408,SRA488109
98,3383362,SRR4785931,86385384,17275397677,5182012264,SRX2316162,ILLUMINA,Illumina HiSeq 2000,9606,SRS1773083,RNA-Seq,cDNA,TRANSCRIPTOMIC,PRJNA352076,SAMN05963962,SRP092408,SRA488109
99,3383361,SRR4785930,82198305,16396624682,5312552723,SRX2316161,ILLUMINA,Illumina HiSeq 2000,9606,SRS1773082,RNA-Seq,cDNA,TRANSCRIPTOMIC,PRJNA352076,SAMN05963963,SRP092408,SRA488109
100,3383360,SRR4785929,86465256,17296006880,4983223383,SRX2316160,ILLUMINA,Illumina HiSeq 2000,9606,SRS1773084,RNA-Seq,cDNA,TRANSCRIPTOMIC,PRJNA352076,SAMN05963964,SRP092408,SRA488109
101,3383359,SRR4785928,85084514,16970598214,5435532695,SRX2316159,ILLUMINA,Illumina HiSeq 2000,9606,SRS1773081,RNA-Seq,cDNA,TRANSCRIPTOMIC,PRJNA352076,SAMN05963965,SRP092408,SRA488109
102,3383358,SRR4785927,86600174,17330566959,5036573578,SRX2316158,ILLUMINA,Illumina HiSeq 2000,9606,SRS1773080,RNA-Seq,cDNA,TRANSCRIPTOMIC,PRJNA352076,SAMN05963966,SRP092408,SRA488109
103,3383357,SRR4785926,80293959,16039634979,4938293037,SRX2316157,ILLUMINA,Illumina HiSeq 2000,9606,SRS1773079,RNA-Seq,cDNA,TRANSCRIPTOMIC,PRJNA352076,SAMN05963967,SRP092408,SRA488109
104,3383356,SRR4785925,79264891,15862236659,4560877191,SRX2316156,ILLUMINA,Illumina HiSeq 2000,9606,SRS1773078,RNA-Seq,cDNA,TRANSCRIPTOMIC,PRJNA352076,SAMN05963968,SRP092408,SRA488109
105,3383355,SRR4785924,78005615,15591301632,4518391684,SRX2316155,ILLUMINA,Illumina HiSeq 2000,9606,SRS1773077,RNA-Seq,cDNA,TRANSCRIPTOMIC,PRJNA352076,SAMN05963969,SRP092408,SRA488109
106,3383354,SRR4785923,78114309,15632539620,4488214512,SRX2316154,ILLUMINA,Illumina HiSeq 2000,9606,SRS1773076,RNA-Seq,cDNA,TRANSCRIPTOMIC,PRJNA352076,SAMN05963970,SRP092408,SRA488109
107,3383353,SRR4785922,83517989,16706821515,4838037915,SRX2316153,ILLUMINA,Illumina HiSeq 2000,9606,SRS1773075,RNA-Seq,cDNA,TRANSCRIPTOMIC,PRJNA352076,SAMN05963971,SRP092408,SRA488109
108,3383352,SRR4785921,82309205,16469811849,5005053899,SRX2316152,ILLUMINA,Illumina HiSeq 2000,9606,SRS1773073,RNA-Seq,cDNA,TRANSCRIPTOMIC,PRJNA352076,SAMN05963972,SRP092408,SRA488109
109,3383351,SRR4785920,85809462,17172026062,4873984268,SRX2316151,ILLUMINA,Illumina HiSeq 2000,9606,SRS1773074,RNA-Seq,cDNA,TRANSCRIPTOMIC,PRJNA352076,SAMN05963973,SRP092408,SRA488109
110,3383350,SRR4785919,81945508,16400309951,4895334743,SRX2316150,ILLUMINA,Illumina HiSeq 2000,9606,SRS1773072,RNA-Seq,cDNA,TRANSCRIPTOMIC,PRJNA352076,SAMN05963974,SRP092408,SRA488109
111,3383349,SRR4785918,85764025,17115233417,5495864983,SRX2316149,ILLUMINA,Illumina HiSeq 2000,9606,SRS1773071,RNA-Seq,cDNA,TRANSCRIPTOMIC,PRJNA352076,SAMN05963975,SRP092408,SRA488109
112,3383348,SRR4785917,90452825,18029784438,5682016921,SRX2316148,ILLUMINA,Illumina HiSeq 2000,9606,SRS1773068,RNA-Seq,cDNA,TRANSCRIPTOMIC,PRJNA352076,SAMN05963977,SRP092408,SRA488109
113,3383347,SRR4785916,88883356,17721795446,5652979315,SRX2316147,ILLUMINA,Illumina HiSeq 2000,9606,SRS1773070,RNA-Seq,cDNA,TRANSCRIPTOMIC,PRJNA352076,SAMN05963978,SRP092408,SRA488109
114,3383346,SRR4785915,87931867,17525760754,5418937467,SRX2316146,ILLUMINA,Illumina HiSeq 2000,9606,SRS1773067,RNA-Seq,cDNA,TRANSCRIPTOMIC,PRJNA352076,SAMN05963979,SRP092408,SRA488109
115,3383345,SRR4785914,86978238,17353757274,4960672657,SRX2316145,ILLUMINA,Illumina HiSeq 2000,9606,SRS1773066,RNA-Seq,cDNA,TRANSCRIPTOMIC,PRJNA352076,SAMN05963980,SRP092408,SRA488109
116,3383344,SRR4785913,94562507,18897542838,6190124517,SRX2316144,ILLUMINA,Illumina HiSeq 2000,9606,SRS1773065,RNA-Seq,cDNA,TRANSCRIPTOMIC,PRJNA352076,SAMN05963981,SRP092408,SRA488109
117,3383343,SRR4785912,96466142,19292729160,5590471152,SRX2316143,ILLUMINA,Illumina HiSeq 2000,9606,SRS1773069,RNA-Seq,cDNA,TRANSCRIPTOMIC,PRJNA352076,SAMN05963982,SRP092408,SRA488109
118,3383342,SRR4785911,81787695,16280274190,5227956896,SRX2316142,ILLUMINA,Illumina HiSeq 2000,9606,SRS1773064,RNA-Seq,cDNA,TRANSCRIPTOMIC,PRJNA352076,SAMN05963898,SRP092408,SRA488109
119,3383341,SRR4785910,89615134,17825141617,5547269013,SRX2316141,ILLUMINA,Illumina HiSeq 2000,9606,SRS1773061,RNA-Seq,cDNA,TRANSCRIPTOMIC,PRJNA352076,SAMN05963976,SRP092408,SRA488109
120,3383340,SRR4785909,93090590,18668472628,5354515046,SRX2316140,ILLUMINA,Illumina HiSeq 2000,9606,SRS1773060,RNA-Seq,cDNA,TRANSCRIPTOMIC,PRJNA352076,SAMN05963899,SRP092408,SRA488109
121,3383339,SRR4785908,110658663,21977801192,10430694789,SRX2316139,ILLUMINA,Illumina HiSeq 2000,9606,SRS1773062,RNA-Seq,cDNA,TRANSCRIPTOMIC,PRJNA352076,SAMN05963900,SRP092408,SRA488109
122,3383338,SRR4785907,80542991,16110130603,4755308480,SRX2316138,ILLUMINA,Illumina HiSeq 2000,9606,SRS1773059,RNA-Seq,cDNA,TRANSCRIPTOMIC,PRJNA352076,SAMN05963901,SRP092408,SRA488109
123,3383337,SRR4785906,85014037,16934960392,5220763708,SRX2316137,ILLUMINA,Illumina HiSeq 2000,9606,SRS1773063,RNA-Seq,cDNA,TRANSCRIPTOMIC,PRJNA352076,SAMN05963902,SRP092408,SRA488109
124,3383336,SRR4785905,91358112,18261343561,5387536793,SRX2316136,ILLUMINA,Illumina HiSeq 2000,9606,SRS1773058,RNA-Seq,cDNA,TRANSCRIPTOMIC,PRJNA352076,SAMN05963903,SRP092408,SRA488109
125,3383335,SRR4785904,95481970,19031698129,6608116502,SRX2316135,ILLUMINA,Illumina HiSeq 2000,9606,SRS1773057,RNA-Seq,cDNA,TRANSCRIPTOMIC,PRJNA352076,SAMN05963904,SRP092408,SRA488109
126,3383334,SRR4785903,86798141,17322758554,5472631172,SRX2316134,ILLUMINA,Illumina HiSeq 2000,9606,SRS1773056,RNA-Seq,cDNA,TRANSCRIPTOMIC,PRJNA352076,SAMN05963905,SRP092408,SRA488109
127,3383333,SRR4785902,85929816,17153776468,5030597022,SRX2316133,ILLUMINA,Illumina HiSeq 2000,9606,SRS1773055,RNA-Seq,cDNA,TRANSCRIPTOMIC,PRJNA352076,SAMN05963906,SRP092408,SRA488109
128,3383332,SRR4785901,84476297,16814804332,5081470416,SRX2316132,ILLUMINA,Illumina HiSeq 2000,9606,SRS1773054,RNA-Seq,cDNA,TRANSCRIPTOMIC,PRJNA352076,SAMN05963907,SRP092408,SRA488109
129,3383331,SRR4785900,84043622,16801928077,4798571030,SRX2316131,ILLUMINA,Illumina HiSeq 2000,9606,SRS1773053,RNA-Seq,cDNA,TRANSCRIPTOMIC,PRJNA352076,SAMN05963908,SRP092408,SRA488109
130,3383330,SRR4785899,77512252,15461528734,5076218117,SRX2316130,ILLUMINA,Illumina HiSeq 2000,9606,SRS1773052,RNA-Seq,cDNA,TRANSCRIPTOMIC,PRJNA352076,SAMN05963909,SRP092408,SRA488109
131,3383329,SRR4785898,90829036,18158167934,5785302233,SRX2316129,ILLUMINA,Illumina HiSeq 2000,9606,SRS1773051,RNA-Seq,cDNA,TRANSCRIPTOMIC,PRJNA352076,SAMN05963910,SRP092408,SRA488109
132,3383328,SRR4785897,81016832,16154452219,4887763663,SRX2316128,ILLUMINA,Illumina HiSeq 2000,9606,SRS1773050,RNA-Seq,cDNA,TRANSCRIPTOMIC,PRJNA352076,SAMN05963911,SRP092408,SRA488109
133,3383327,SRR4785896,89202482,17854056688,5138529018,SRX2316127,ILLUMINA,Illumina HiSeq 2000,9606,SRS1773049,RNA-Seq,cDNA,TRANSCRIPTOMIC,PRJNA352076,SAMN05963912,SRP092408,SRA488109
134,3383326,SRR4785895,17755112,3534419603,1096111205,SRX2316126,ILLUMINA,Illumina HiSeq 2000,9606,SRS1773046,RNA-Seq,cDNA,TRANSCRIPTOMIC,PRJNA352076,SAMN05963913,SRP092408,SRA488109
135,3383325,SRR4785894,101598367,20319511767,6645573008,SRX2316125,ILLUMINA,Illumina HiSeq 2000,9606,SRS1773047,RNA-Seq,cDNA,TRANSCRIPTOMIC,PRJNA352076,SAMN05963914,SRP092408,SRA488109
136,3383324,SRR4785893,81446962,16202410932,5186751338,SRX2316124,ILLUMINA,Illumina HiSeq 2000,9606,SRS1773048,RNA-Seq,cDNA,TRANSCRIPTOMIC,PRJNA352076,SAMN05963915,SRP092408,SRA488109
137,3383323,SRR4785892,90240770,18019369399,5177072683,SRX2316123,ILLUMINA,Illumina HiSeq 2000,9606,SRS1773045,RNA-Seq,cDNA,TRANSCRIPTOMIC,PRJNA352076,SAMN05963916,SRP092408,SRA488109
138,3383322,SRR4785891,88557447,17716582711,5743121935,SRX2316122,ILLUMINA,Illumina HiSeq 2000,9606,SRS1773044,RNA-Seq,cDNA,TRANSCRIPTOMIC,PRJNA352076,SAMN05963917,SRP092408,SRA488109
139,3383321,SRR4785890,86451316,17315993581,5539550898,SRX2316121,ILLUMINA,Illumina HiSeq 2000,9606,SRS1773043,RNA-Seq,cDNA,TRANSCRIPTOMIC,PRJNA352076,SAMN05963918,SRP092408,SRA488109
140,3383320,SRR4785889,90202615,18060970362,5884294459,SRX2316120,ILLUMINA,Illumina HiSeq 2000,9606,SRS1773042,RNA-Seq,cDNA,TRANSCRIPTOMIC,PRJNA352076,SAMN05964093,SRP092408,SRA488109
141,3383319,SRR4785888,86811642,17373622789,5060226433,SRX2316119,ILLUMINA,Illumina HiSeq 2000,9606,SRS1773041,RNA-Seq,cDNA,TRANSCRIPTOMIC,PRJNA352076,SAMN05964094,SRP092408,SRA488109
142,3383318,SRR4785887,75975434,15100660210,4528052971,SRX2316118,ILLUMINA,Illumina HiSeq 2000,9606,SRS1773040,RNA-Seq,cDNA,TRANSCRIPTOMIC,PRJNA352076,SAMN05964095,SRP092408,SRA488109
143,3383317,SRR4785886,95536746,19133764900,6119034808,SRX2316117,ILLUMINA,Illumina HiSeq 2000,9606,SRS1773038,RNA-Seq,cDNA,TRANSCRIPTOMIC,PRJNA352076,SAMN05964096,SRP092408,SRA488109
144,3383316,SRR4785885,89662963,17894314556,5639583563,SRX2316116,ILLUMINA,Illumina HiSeq 2000,9606,SRS1773037,RNA-Seq,cDNA,TRANSCRIPTOMIC,PRJNA352076,SAMN05964097,SRP092408,SRA488109
145,3383315,SRR4785884,87950887,17513074518,5194389491,SRX2316115,ILLUMINA,Illumina HiSeq 2000,9606,SRS1773039,RNA-Seq,cDNA,TRANSCRIPTOMIC,PRJNA352076,SAMN05964098,SRP092408,SRA488109
146,3383314,SRR4785883,83266107,16655479239,4753068368,SRX2316114,ILLUMINA,Illumina HiSeq 2000,9606,SRS1773036,RNA-Seq,cDNA,TRANSCRIPTOMIC,PRJNA352076,SAMN05964099,SRP092408,SRA488109
147,3383313,SRR4785882,99400973,19885309313,6190024943,SRX2316113,ILLUMINA,Illumina HiSeq 2000,9606,SRS1773035,RNA-Seq,cDNA,TRANSCRIPTOMIC,PRJNA352076,SAMN05964100,SRP092408,SRA488109
148,3383312,SRR4785881,89711363,17921612260,5305197489,SRX2316112,ILLUMINA,Illumina HiSeq 2000,9606,SRS1773034,RNA-Seq,cDNA,TRANSCRIPTOMIC,PRJNA352076,SAMN05964101,SRP092408,SRA488109
149,3383311,SRR4785880,93366353,18690847459,5359146019,SRX2316111,ILLUMINA,Illumina HiSeq 2000,9606,SRS1773032,RNA-Seq,cDNA,TRANSCRIPTOMIC,PRJNA352076,SAMN05964102,SRP092408,SRA488109
150,3383310,SRR4785879,82116653,16359361042,4706267281,SRX2316110,ILLUMINA,Illumina HiSeq 2000,9606,SRS1773031,RNA-Seq,cDNA,TRANSCRIPTOMIC,PRJNA352076,SAMN05964103,SRP092408,SRA488109
151,3383309,SRR4785878,99016165,19790513281,6348434158,SRX2316109,ILLUMINA,Illumina HiSeq 2000,9606,SRS1773030,RNA-Seq,cDNA,TRANSCRIPTOMIC,PRJNA352076,SAMN05964104,SRP092408,SRA488109
152,3383308,SRR4785877,78159860,15414753958,5191007708,SRX2316108,ILLUMINA,Illumina HiSeq 2000,9606,SRS1773033,RNA-Seq,cDNA,TRANSCRIPTOMIC,PRJNA352076,SAMN05964105,SRP092408,SRA488109
153,3383307,SRR4785876,88056745,17440134521,5706104189,SRX2316107,ILLUMINA,Illumina HiSeq 2000,9606,SRS1773028,RNA-Seq,cDNA,TRANSCRIPTOMIC,PRJNA352076,SAMN05964106,SRP092408,SRA488109
154,3383306,SRR4785875,92716534,18356674797,6256925947,SRX2316106,ILLUMINA,Illumina HiSeq 2000,9606,SRS1773027,RNA-Seq,cDNA,TRANSCRIPTOMIC,PRJNA352076,SAMN05964107,SRP092408,SRA488109
155,3383305,SRR4785874,89273404,17619667302,6171426252,SRX2316105,ILLUMINA,Illumina HiSeq 2000,9606,SRS1773029,RNA-Seq,cDNA,TRANSCRIPTOMIC,PRJNA352076,SAMN05964108,SRP092408,SRA488109
156,3383304,SRR4785873,90591827,17876872060,6195761907,SRX2316104,ILLUMINA,Illumina HiSeq 2000,9606,SRS1773026,RNA-Seq,cDNA,TRANSCRIPTOMIC,PRJNA352076,SAMN05964109,SRP092408,SRA488109
157,3383303,SRR4785872,85649320,16915486053,5810633415,SRX2316103,ILLUMINA,Illumina HiSeq 2000,9606,SRS1773024,RNA-Seq,cDNA,TRANSCRIPTOMIC,PRJNA352076,SAMN05964110,SRP092408,SRA488109
158,3383302,SRR4785871,85361128,17047665590,4925862452,SRX2316102,ILLUMINA,Illumina HiSeq 2000,9606,SRS1773025,RNA-Seq,cDNA,TRANSCRIPTOMIC,PRJNA352076,SAMN05964111,SRP092408,SRA488109
159,3383301,SRR4785870,93420100,18680646758,5105095175,SRX2316101,ILLUMINA,Illumina HiSeq 2000,9606,SRS1773023,RNA-Seq,cDNA,TRANSCRIPTOMIC,PRJNA352076,SAMN05964112,SRP092408,SRA488109
160,3383300,SRR4785869,89703344,17914721638,5073344859,SRX2316100,ILLUMINA,Illumina HiSeq 2000,9606,SRS1773022,RNA-Seq,cDNA,TRANSCRIPTOMIC,PRJNA352076,SAMN05964085,SRP092408,SRA488109
161,3383299,SRR4785868,100609880,20140773096,5771458251,SRX2316099,ILLUMINA,Illumina HiSeq 2000,9606,SRS1773021,RNA-Seq,cDNA,TRANSCRIPTOMIC,PRJNA352076,SAMN05964088,SRP092408,SRA488109
162,3383298,SRR4785867,88931809,17819856689,5031192188,SRX2316098,ILLUMINA,Illumina HiSeq 2000,9606,SRS1773019,RNA-Seq,cDNA,TRANSCRIPTOMIC,PRJNA352076,SAMN05964089,SRP092408,SRA488109
163,3383297,SRR4785866,90296925,18073724881,5433337870,SRX2316097,ILLUMINA,Illumina HiSeq 2000,9606,SRS1773018,RNA-Seq,cDNA,TRANSCRIPTOMIC,PRJNA352076,SAMN05964090,SRP092408,SRA488109
164,3383296,SRR4785865,86010063,17112092717,5033747342,SRX2316096,ILLUMINA,Illumina HiSeq 2000,9606,SRS1773020,RNA-Seq,cDNA,TRANSCRIPTOMIC,PRJNA352076,SAMN05964087,SRP092408,SRA488109
165,3383295,SRR4785864,90019179,18016476772,5793467594,SRX2316095,ILLUMINA,Illumina HiSeq 2000,9606,SRS1773017,RNA-Seq,cDNA,TRANSCRIPTOMIC,PRJNA352076,SAMN05964086,SRP092408,SRA488109
166,3383294,SRR4785863,88350482,17686880291,5793572739,SRX2316094,ILLUMINA,Illumina HiSeq 2000,9606,SRS1773016,RNA-Seq,cDNA,TRANSCRIPTOMIC,PRJNA352076,SAMN05964084,SRP092408,SRA488109
167,3383293,SRR4785862,94525910,18890851214,6141198489,SRX2316093,ILLUMINA,Illumina HiSeq 2000,9606,SRS1773015,RNA-Seq,cDNA,TRANSCRIPTOMIC,PRJNA352076,SAMN05964114,SRP092408,SRA488109
168,3383292,SRR4785861,82414771,16152220388,6110659290,SRX2316092,ILLUMINA,Illumina HiSeq 2000,9606,SRS1773014,RNA-Seq,cDNA,TRANSCRIPTOMIC,PRJNA352076,SAMN05964031,SRP092408,SRA488109
169,3383291,SRR4785860,80290647,15781348858,6276108560,SRX2316091,ILLUMINA,Illumina HiSeq 2000,9606,SRS1773012,RNA-Seq,cDNA,TRANSCRIPTOMIC,PRJNA352076,SAMN05964091,SRP092408,SRA488109
170,3383290,SRR4785859,77694218,15289968578,5705567839,SRX2316090,ILLUMINA,Illumina HiSeq 2000,9606,SRS1773011,RNA-Seq,cDNA,TRANSCRIPTOMIC,PRJNA352076,SAMN05964092,SRP092408,SRA488109
171,3383289,SRR4785858,92639780,18206820815,6786864771,SRX2316089,ILLUMINA,Illumina HiSeq 2000,9606,SRS1773010,RNA-Seq,cDNA,TRANSCRIPTOMIC,PRJNA352076,SAMN05964027,SRP092408,SRA488109
172,3383288,SRR4785857,81539959,16058237402,6000848866,SRX2316088,ILLUMINA,Illumina HiSeq 2000,9606,SRS1773013,RNA-Seq,cDNA,TRANSCRIPTOMIC,PRJNA352076,SAMN05964028,SRP092408,SRA488109
173,3383287,SRR4785856,85407088,16828315871,6157972866,SRX2316087,ILLUMINA,Illumina HiSeq 2000,9606,SRS1773009,RNA-Seq,cDNA,TRANSCRIPTOMIC,PRJNA352076,SAMN05964029,SRP092408,SRA488109
174,3383286,SRR4785855,81697807,16125646619,5685370728,SRX2316086,ILLUMINA,Illumina HiSeq 2000,9606,SRS1773008,RNA-Seq,cDNA,TRANSCRIPTOMIC,PRJNA352076,SAMN05964030,SRP092408,SRA488109
175,3383285,SRR4785854,91410483,18174543762,6294739455,SRX2316085,ILLUMINA,Illumina HiSeq 2000,9606,SRS1773007,RNA-Seq,cDNA,TRANSCRIPTOMIC,PRJNA352076,SAMN05964113,SRP092408,SRA488109
176,3383284,SRR4785853,98283426,19573639306,6362233590,SRX2316084,ILLUMINA,Illumina HiSeq 2000,9606,SRS1773006,RNA-Seq,cDNA,TRANSCRIPTOMIC,PRJNA352076,SAMN05964042,SRP092408,SRA488109
177,3383283,SRR4785852,89469073,17837113992,5758572535,SRX2316083,ILLUMINA,Illumina HiSeq 2000,9606,SRS1773005,RNA-Seq,cDNA,TRANSCRIPTOMIC,PRJNA352076,SAMN05964041,SRP092408,SRA488109
178,3383282,SRR4785851,79796516,15818418624,5726687977,SRX2316082,ILLUMINA,Illumina HiSeq 2000,9606,SRS1773004,RNA-Seq,cDNA,TRANSCRIPTOMIC,PRJNA352076,SAMN05964040,SRP092408,SRA488109
179,3383281,SRR4785850,86049788,17053590995,6191072187,SRX2316081,ILLUMINA,Illumina HiSeq 2000,9606,SRS1773003,RNA-Seq,cDNA,TRANSCRIPTOMIC,PRJNA352076,SAMN05964032,SRP092408,SRA488109
180,3383280,SRR4785849,78676435,15570572174,6371617394,SRX2316080,ILLUMINA,Illumina HiSeq 2000,9606,SRS1773001,RNA-Seq,cDNA,TRANSCRIPTOMIC,PRJNA352076,SAMN05964033,SRP092408,SRA488109
181,3383279,SRR4785848,95656684,19105516786,6112167489,SRX2316079,ILLUMINA,Illumina HiSeq 2000,9606,SRS1773002,RNA-Seq,cDNA,TRANSCRIPTOMIC,PRJNA352076,SAMN05964043,SRP092408,SRA488109
182,3383278,SRR4785847,83649009,16624908707,5855929300,SRX2316078,ILLUMINA,Illumina HiSeq 2000,9606,SRS1773000,RNA-Seq,cDNA,TRANSCRIPTOMIC,PRJNA352076,SAMN05964034,SRP092408,SRA488109
183,3383277,SRR4785846,97461206,19454549958,5847802484,SRX2316077,ILLUMINA,Illumina HiSeq 2000,9606,SRS1772999,RNA-Seq,cDNA,TRANSCRIPTOMIC,PRJNA352076,SAMN05964035,SRP092408,SRA488109
184,3383276,SRR4785845,86126910,17191618028,5367032824,SRX2316076,ILLUMINA,Illumina HiSeq 2000,9606,SRS1772998,RNA-Seq,cDNA,TRANSCRIPTOMIC,PRJNA352076,SAMN05964036,SRP092408,SRA488109
185,3383275,SRR4785844,86185747,17183675418,5428631499,SRX2316075,ILLUMINA,Illumina HiSeq 2000,9606,SRS1772996,RNA-Seq,cDNA,TRANSCRIPTOMIC,PRJNA352076,SAMN05964037,SRP092408,SRA488109
186,3383274,SRR4785843,88153185,17565836291,5752924859,SRX2316074,ILLUMINA,Illumina HiSeq 2000,9606,SRS1772997,RNA-Seq,cDNA,TRANSCRIPTOMIC,PRJNA352076,SAMN05964038,SRP092408,SRA488109
187,3383273,SRR4785842,91188241,18205393887,5424954113,SRX2316073,ILLUMINA,Illumina HiSeq 2000,9606,SRS1772995,RNA-Seq,cDNA,TRANSCRIPTOMIC,PRJNA352076,SAMN05964039,SRP092408,SRA488109
188,3383272,SRR4785841,91292736,18212805245,5630141212,SRX2316072,ILLUMINA,Illumina HiSeq 2000,9606,SRS1772994,RNA-Seq,cDNA,TRANSCRIPTOMIC,PRJNA352076,SAMN05963919,SRP092408,SRA488109
189,3383271,SRR4785840,80442916,15965186896,7341448925,SRX2316071,ILLUMINA,Illumina HiSeq 2000,9606,SRS1772993,RNA-Seq,cDNA,TRANSCRIPTOMIC,PRJNA352076,SAMN05963920,SRP092408,SRA488109
190,3383270,SRR4785839,91675846,18356957576,5353158231,SRX2316070,ILLUMINA,Illumina HiSeq 2000,9606,SRS1772992,RNA-Seq,cDNA,TRANSCRIPTOMIC,PRJNA352076,SAMN05963921,SRP092408,SRA488109
191,3383269,SRR4785838,91513191,18328794305,5293024115,SRX2316069,ILLUMINA,Illumina HiSeq 2000,9606,SRS1772991,RNA-Seq,cDNA,TRANSCRIPTOMIC,PRJNA352076,SAMN05963922,SRP092408,SRA488109
192,3383268,SRR4785837,89288841,17895328000,5159371929,SRX2316068,ILLUMINA,Illumina HiSeq 2000,9606,SRS1772990,RNA-Seq,cDNA,TRANSCRIPTOMIC,PRJNA352076,SAMN05963923,SRP092408,SRA488109
193,3383267,SRR4785836,82229803,16377811546,5862315913,SRX2316067,ILLUMINA,Illumina HiSeq 2000,9606,SRS1772989,RNA-Seq,cDNA,TRANSCRIPTOMIC,PRJNA352076,SAMN05963924,SRP092408,SRA488109
194,3383266,SRR4785835,85384623,17042532435,5615012322,SRX2316066,ILLUMINA,Illumina HiSeq 2000,9606,SRS1772988,RNA-Seq,cDNA,TRANSCRIPTOMIC,PRJNA352076,SAMN05963925,SRP092408,SRA488109
195,3383265,SRR4785834,93185640,18577207231,6071538339,SRX2316065,ILLUMINA,Illumina HiSeq 2000,9606,SRS1772987,RNA-Seq,cDNA,TRANSCRIPTOMIC,PRJNA352076,SAMN05963926,SRP092408,SRA488109
196,3383264,SRR4785833,76656526,15256871212,6185720267,SRX2316064,ILLUMINA,Illumina HiSeq 2000,9606,SRS1772986,RNA-Seq,cDNA,TRANSCRIPTOMIC,PRJNA352076,SAMN05963927,SRP092408,SRA488109
197,3383263,SRR4785832,78871921,15667132645,5992423206,SRX2316063,ILLUMINA,Illumina HiSeq 2000,9606,SRS1772985,RNA-Seq,cDNA,TRANSCRIPTOMIC,PRJNA352076,SAMN05963928,SRP092408,SRA488109
198,3383262,SRR4785831,73446199,14579351963,6321900203,SRX2316062,ILLUMINA,Illumina HiSeq 2000,9606,SRS1772984,RNA-Seq,cDNA,TRANSCRIPTOMIC,PRJNA352076,SAMN05963929,SRP092408,SRA488109
199,3383261,SRR4785830,92553585,18521870549,5299431505,SRX2316061,ILLUMINA,Illumina HiSeq 2000,9606,SRS1772982,RNA-Seq,cDNA,TRANSCRIPTOMIC,PRJNA352076,SAMN05963930,SRP092408,SRA488109
200,3383260,SRR4785829,80752212,15969998824,6275400966,SRX2316060,ILLUMINA,Illumina HiSeq 2000,9606,SRS1772981,RNA-Seq,cDNA,TRANSCRIPTOMIC,PRJNA352076,SAMN05963931,SRP092408,SRA488109
201,3383259,SRR4785828,81086858,16058366213,6931155437,SRX2316059,ILLUMINA,Illumina HiSeq 2000,9606,SRS1772980,RNA-Seq,cDNA,TRANSCRIPTOMIC,PRJNA352076,SAMN05963932,SRP092408,SRA488109
202,3383258,SRR4785827,78074627,15532259107,6621512640,SRX2316058,ILLUMINA,Illumina HiSeq 2000,9606,SRS1772983,RNA-Seq,cDNA,TRANSCRIPTOMIC,PRJNA352076,SAMN05963933,SRP092408,SRA488109
203,3383257,SRR4785826,87271104,17372034525,8081883175,SRX2316057,ILLUMINA,Illumina HiSeq 2000,9606,SRS1772979,RNA-Seq,cDNA,TRANSCRIPTOMIC,PRJNA352076,SAMN05963934,SRP092408,SRA488109
204,3383256,SRR4785825,89777203,17864435625,5741294303,SRX2316056,ILLUMINA,Illumina HiSeq 2000,9606,SRS1772978,RNA-Seq,cDNA,TRANSCRIPTOMIC,PRJNA352076,SAMN05963935,SRP092408,SRA488109
205,3383255,SRR4785824,80295044,15954996795,6180393775,SRX2316055,ILLUMINA,Illumina HiSeq 2000,9606,SRS1772977,RNA-Seq,cDNA,TRANSCRIPTOMIC,PRJNA352076,SAMN05963936,SRP092408,SRA488109
206,3383254,SRR4785823,88415330,17646816320,5583180878,SRX2316054,ILLUMINA,Illumina HiSeq 2000,9606,SRS1772976,RNA-Seq,cDNA,TRANSCRIPTOMIC,PRJNA352076,SAMN05963937,SRP092408,SRA488109
207,3383253,SRR4785822,78305809,15522168836,5705282170,SRX2316053,ILLUMINA,Illumina HiSeq 2000,9606,SRS1772974,RNA-Seq,cDNA,TRANSCRIPTOMIC,PRJNA352076,SAMN05963938,SRP092408,SRA488109
208,3383252,SRR4785821,90743546,18106517071,5431662318,SRX2316052,ILLUMINA,Illumina HiSeq 2000,9606,SRS1772975,RNA-Seq,cDNA,TRANSCRIPTOMIC,PRJNA352076,SAMN05963939,SRP092408,SRA488109
209,3383251,SRR4785820,64012191,12676149689,4902333665,SRX2316051,ILLUMINA,Illumina HiSeq 2000,9606,SRS1772973,RNA-Seq,cDNA,TRANSCRIPTOMIC,PRJNA352076,SAMN05963940,SRP092408,SRA488109
210,3383250,SRR4785819,85363805,16970737976,5422926710,SRX2316050,ILLUMINA,Illumina HiSeq 2000,9606,SRS1772972,RNA-Seq,cDNA,TRANSCRIPTOMIC,PRJNA352076,SAMN05963941,SRP092408,SRA488109
211,3383249,SRR4785818,85976962,17109837392,5282266959,SRX2316049,ILLUMINA,Illumina HiSeq 2000,9606,SRS1772970,RNA-Seq,cDNA,TRANSCRIPTOMIC,PRJNA352076,SAMN05963942,SRP092408,SRA488109
212,3383248,SRR4785817,80701523,16096276113,5020126505,SRX2316048,ILLUMINA,Illumina HiSeq 2000,9606,SRS1772969,RNA-Seq,cDNA,TRANSCRIPTOMIC,PRJNA352076,SAMN05963943,SRP092408,SRA488109
213,3383247,SRR4785816,80035499,15942658344,5122809802,SRX2316047,ILLUMINA,Illumina HiSeq 2000,9606,SRS1772968,RNA-Seq,cDNA,TRANSCRIPTOMIC,PRJNA352076,SAMN05963944,SRP092408,SRA488109
214,3383246,SRR4785815,83807417,16699917015,5398422823,SRX2316046,ILLUMINA,Illumina HiSeq 2000,9606,SRS1772966,RNA-Seq,cDNA,TRANSCRIPTOMIC,PRJNA352076,SAMN05963945,SRP092408,SRA488109
215,3383245,SRR4785814,93945900,18774069322,6063743276,SRX2316045,ILLUMINA,Illumina HiSeq 2000,9606,SRS1772967,RNA-Seq,cDNA,TRANSCRIPTOMIC,PRJNA352076,SAMN05963946,SRP092408,SRA488109
216,3383244,SRR4785813,88181600,17639019724,5658369717,SRX2316044,ILLUMINA,Illumina HiSeq 2000,9606,SRS1772971,RNA-Seq,cDNA,TRANSCRIPTOMIC,PRJNA352076,SAMN05963947,SRP092408,SRA488109
217,3383243,SRR4785812,82396970,16396537773,6049064397,SRX2316043,ILLUMINA,Illumina HiSeq 2000,9606,SRS1772965,RNA-Seq,cDNA,TRANSCRIPTOMIC,PRJNA352076,SAMN05963897,SRP092408,SRA488109
